artist_uri,artist_name
7y97mc3bZRFXzT2szRM4L4,"Frederic Chopin, Mikhail Pletnev"
0oSGxfWSnnOXhD2fKuz2Gy,David Bowie
1dfeR4HaWDbWqFHLkxsg1d,"Queen, David Bowie"
1hCkSJcXREhrodeIHQdav8,Ramin Djawadi
2cCUtGK9sDU2EoElnk0GNB,The National
1moxjboGR7GNWYIMWsRjgG,Florence + The Machine
2dB3VxAmEw5Dqewiha1oO1,The Greatest Bits
6HWfXh9ErTOP7mSk7kxnf0,Chiptune Radio
0X1wtVNo8CVrMEKh8y8knH,GlitchxCity
4pAgH7ZVMfeEqm11iwwYjA,FalKKonE
1cSLWtq8penAi11GiMxgHc,Neku
1U2GH2NLt30RW9bnJEvcgM,Braxton Burks
5B0H8bMexCZKbc2UaVUzmF,MinecraftUniverse
1T7zBkQCOCacKjbnmFX7cp,"GameChops, VGR"
62GoYifV4njTdvS8lD2yYT,insaneintherainmusic
2WC05LNhYfprewGa72WQhP,Zelda Cover Band
6gGEbIpUsOUFPu6o9erl9S,Zelda Cover Band
6i5jeqNyrzyfDwIiAfNdyF,Video Game Players
2EFkigEczkUGF0PWTBX8IR,"Manaka Kataoka, Yasuaki Iwata, daigoro789"
52PmW6wfHfCkQq16XF7sJz,Zelda Cover Band
6dOnTTVTbQlFWF6yfD4Vw5,"Manaka Kataoka, Yasuaki Iwata, Hajime Wakai, daigoro789"
0LzeyDrlLtuyBqMSBN4z3U,Taylor Davis
480xKab3lUPhBBnCzlzqIu,User Youth
0cxNfEa3UFPqeMaUudfKtj,Taylor Davis
3PfJE6ebCbCHeuqO4BfNeA,daigoro789
123epI2OFu37F7VsnOBn9F,Michael Tai
5NLlq8IzOUuqDYGPxoPkSC,Triforce Quartet
094Eb3gQkbFFT4seoZoMaS,The Versions
21Tp0aROiJGTa0BgFGsC6v,The Marcus Hedges Trend Orchestra
1v4YnufenjE9BLAfP90qvt,Arcade Player
1CRvJnCbPjgx0xmBdoex0c,Monsalve
0fagNxnyvy6FDvkNPt6X29,The Versions
4cyHkKiXAQkIWXJ4pi2TIP,daigoro789
7eSzU0TjGXlVL3bXSexvo7,"Koji Kondo, Toru Minegishi, Hajime Wakai, Kenta Nagata, daigoro789"
3T7TTwTUPXYvIHsMOKHxx7,Arcade Player
36yuG9DyloDYqWKWRoYqPc,The Marcus Hedges Trend Orchestra
69EWJ8UVSlytt27VsEsQAw,Monsalve
3LZIkCMVjsdCQWmbOgZXsE,Arcade Player
4aCvJneLXFoKTe1919Zk0J,Good Knight Productions
1LgVvBvmQm48GExZDH322C,Dan DeSimone
30ur9OW63O3mffcjm0UpIF,"GameChops, Alan Gee, Tudd"
4ShgdWtm52xvEr8uYmT0V6,"Koji Kondo, Mahito Yokota, Andrew Skeet, London Philharmonic Orchestra"
0aTXD7f2nucmawx2XWTgMq,Qumu
6ImfL6wSxqhYl64AbsaNZX,Qumu
1KkjjsBwGqU2YjS9OIucZV,Super Mario 64
0mSUBVwxfnwV4tue8JINCP,Retro Crowd
451UU345Ht2CuGIrkCQHYP,Good Knight Productions
21VBNkZvKxrI9zmfFRxXvn,Qumu
4uFZsG1vXrPcvnZ4iSQyrx,Good Knight Productions
4XU5f8nGiPMr6eetud6epC,Qumu
3w1Q754jb31h5CXQCcnLNL,Capcom Sound Team
3OsRAKCvk37zwYcnzRf5XF,Moby
37aR5PqATWZwKvh9nkebho,dj-Jo
3pCoHlohSNQdXBNDxuWd12,VGR
7xYcJfhrRx9Iv8smhoEibc,dj-Jo
3VYxuvrdxNbXmDIxiHYDqz,Mykah
5MboRLcEpLbsshOx64OdA6,"Mikel, GameChops"
1IwzmBTWI4CzUNsZM7Zqd8,"Dj Cutman, James Landino, GameChops"
6xMMOflXnoIA3grU3seMjh,SARE
6ffYP0xcFEFM2ysJbIsnSJ,"Mikel, GameChops"
2qxJFvFYMEDqd7ui6kSAcq,Kabuki
2PYwh6PcmNFSq6UOEp3GPW,"RoboRob, Ben Briggs"
3dy5LypMH5vMuSVASxS1Rg,Mykah
6x9SOZOqGwzZskEuhG9MG4,Mykah
2vMo8NPLGrfmsZlJgL8YRu,Akosmo
1d9VzpAUZdgruidP0DB5Lh,Kruai
1S5dTEp4fRoQgzFPDQYkQm,dj-Jo
2OUjqAiORUdVK9uQv59cyl,"Besso0, GonZealous"
1Bk5QRKPcjeDSZS6M75Q8z,"Epikuro, RoboRob"
7mDeqeWZNHpjcI9u58xCZW,SenPi
2tlkzi9VdGYgJrr7yXsC0I,"GonZealous, Nikki-Chi"
13YD4KsI3674BRH9k7vn7m,Bolide
1nUPRPARk5pvKIEtx2d6M4,Besso0
44Tlzkl1NhWhqz2CatNmtP,Mykah
4FlHXRw6wYhFUzrylcjarO,Dj Cutman
13rNJ8sWbjGYIUjqtHZvL2,Mykah
2NVouBvhuFwdiQjXvyqEae,"Chuck None, GameChops"
2ybA7xujgu5CM8a1kCNAGL,"Mykah, Chjolo"
4IF11U0nzFhAaLDGZH3vSx,Seth Everman
0aV1KJz6HWJuDCJaAmqiyA,"GameChops, NRMN"
2Um7Dmlazw2717ChKlnjdI,Mykah
6vC6QxsKxAx7ooXarW8JWZ,"Ben Briggs, GameChops"
6wM3tYsLm3LMfEKIkl5SmY,"Helynt, GameChops, Dj Cutman"
74ZWzuwsxGAt05s2sWtq0j,"Chuck None, GameChops"
2Z7mvjh6wiz5gUPwxsSyvJ,Helynt
4psLgnlvpmDqTcUI63G1Ag,"BLOOD CODE, GameChops"
3yNDCk0iRKefkfpiPhaVPv,Clangon
6WRa5ohaBMu9somEwsvlGL,Clangon
2n0sjgdrfHYJT6B39cdvWW,Tune in with Chewie
4M4gexhCyv12RmbowD8xjS,Sleepdealer
0kVNa1qBak8arcwcUeLu90,Jonas Munk Lindbo
1AILAN8RzQ9WYweBqYmRx5,"Marcus D, nitsua"
5LrXI2SwrD9P30B6CqOjNV,GlitchxCity
5Md4MCp7b9Nwg1NPWVNRXP,"Helynt, GameChops"
7F93sQ33frkSEdmSunHEcP,"Jokabi, GameChops, Mikel"
23zg3TcAtWQy7J6upgbUnj,Ne-Yo
21E3waRsmPlU7jZsS13rcj,Chris Brown
7bXgB6jMjp9ATFy66eO08Z,"Lloyd, Lil Wayne"
1Xfmvd48oOhEWkscWyEbh9,Ne-Yo
7G6hXrjGpi6I7waNl4wxAk,Usher
3DiDSECUqqY1AuBP8qtaIa,Ne-Yo
20s0P9QLxGqKuCsGwFsp7w,Mario
0z4gvV4rjIZ9wHck67ucSV,Ne-Yo
2iojnBLj0qIMiKPvVhLnsH,Usher
1W3FSF1BLpY3hlVIgvenLz,Chris Brown
5pKCCKE2ajJHZ9KAiaK11H,"Rihanna, Ne-Yo"
55Aa2cqylxrFIXC767Z865,"Nelly, Tim McGraw"
2gBjLmx6zQnFGQJCAQpRgw,Craig David
2JyWXPbkqI5ZJa3gwqVa0c,"Cam'ron, Juelz Santana, Freekey Zeekey, Toya"
7iMvwE8qANp3aIfAGKEAwS,"Lloyd, Awesome Jones!!!!"
3AuMNF8rQAKOzjYppFNAoB,"Fabolous, Ashanti"
0YWxKQj2Go9CGHCp77UOyy,"Jordin Sparks, Chris Brown"
2AQjGvtT0pFYfxR3neFcvz,Iyaz
5tKXB9uuebKE34yowVaU3C,"Keri Hilson, Kanye West, Ne-Yo"
63wjoROpeh5f11Qm93UiJ1,Keri Hilson
07YZf4WDAMNwqr4jfgOZ8y,"Fabolous, Mike Shorey, Lil' Mo"
1G9G7WwrXka3Z1r7aIDjI7,Trey Songz
360IAlyVv4PCEVjgyMZrxK,"T-Pain, Akon"
3aQeKQSyrW4qWr35idm0cy,T-Pain
7352aRY2mqSxBZwzUb6LmA,"Bow Wow, Ciara"
2mxe0TnaNL039ysAj51xPQ,"R. Kelly, Usher"
22282KfMxDo2PMjnBc82I4,Mariah Carey
4iHNK0tOyZPYnBU7nGAgpQ,"Plies, Ne-Yo"
3jksrX4oBklxR78ft8gv3j,"Young Money, Lloyd"
5OrB6Jhhrl9y2PK0pSV4VP,Trey Songz
6vWDO969PvNqNYHIOW5v0m,Beyonce
7LnaAXbDVIL75IVPnndf7w,"The-Dream, Mariah Carey"
1goOx6gnQdUllLfSMsL4Rt,"Usher, Jeezy"
3KV3p5EY4AvKxOlhGHORLg,"Miguel, J. Cole"
5lKZWd6HiSCLfnDGrq9RAm,Nicki Minaj
0hCNtLu0JehylgoiP8L4Gh,"Said the Sky, Kwesi"
4LZ4De2MoO3lP6QaNCfvcu,"The Chainsmokers, ILLENIUM, Lennon Stella"
69GGBxA162lTqCwzJG5jLp,"Kaskade, Meghan Trainor"
6TQj5BFPooTa08A7pk8AQ1,"Bear Grillz, RUNN"
04vdWVjgi45nrMAxeCEVQe,"Loud Luxury, Bryce Vine"
6t1gpxYbY8OlLA7D2RiikQ,"Said the Sky, Kerli"
45eNHdiiabvmbp4erw26rg,"Said the Sky, FRND"
20DZAfCuP1TKZl5KcY7z3Q,Shallou
7C3Cbtr2PkH2l4tOGhtCsk,"The Chainsmokers, Charlee"
74xeHqz5Ap8ZHq69TkxI0r,"DROELOE, San Holo, CUT_"
0u18Cq5stIQLUoIaULzDmA,"San Holo, Sofie Winterson"
0jNDKefhfSbLR9sFvcPLHo,"San Holo, Bipolar Sunshine"
60d24wfXkVzDSfLS6hyCjZ,"Said the Sky, Claire Ridgely"
4EukMPjtYsdi87lkU1hIxN,"ODESZA, Sasha Sloan"
21mKp7DqtSNHhCAU2ugvUw,"Gryffin, Quinn XCII, Daniel Wilson"
2ZRQcIgzPCVaT9XKhXZIzh,"Gryffin, Katie Pearlman"
1ikID9RZZMvkuBGDWrqajq,"Said the Sky, Diamond Eyes"
02A3cEvlLLCbIMVDrK2GHV,"DVBBS, Jasmine Thompson"
5X4LWwbUFNzPkEas04uU82,"R3HAB, Lia Marie Johnson"
6cEuCEZu7PAE9ZSzLLc2oQ,"Kygo, Miguel"
23fqKkggKUBHNkbKtXEls4,"The Chainsmokers, Phoebe Ryan"
1l2ekx5skC4gJH8djERwh1,"Dabin, Trove"
7lZauDnRoAC3kmaYae2opv,"Manila Killa, Joni Fatora"
6MzxeKydmXufvX7HYPknFW,"Louis The Child, K.Flay"
7wg1qvie3KqDNQbAkTdbX0,"Ekali, Yuna"
0Y0QSi6lz1bPik5Ffjr8sd,"ILLENIUM, Jon Bellion"
5jAMCwdNHWr7JThxtMuEyy,"ILLENIUM, X Ambassadors"
5Igpc9iLZ3YGtKeYfSrrOE,"Vincent, yetep, Brooke Daye"
7ymczLNmjz6AVMGApVNWbB,Vincent
4YLQaW1UU3mrVetC8gNkg5,"Dash Berlin, Do"
1xT5p0VBpnZDrvVSjX9sri,"Bazzi vs., Nitti Gritti"
0Z0T7qMFlcb0NfmrJ0Vu02,"Madeon, Kyan"
4pb4rqWSoGUgxm63xmJ8xc,"Kygo, Chelsea Cutler"
4xnMDfgEmXZEEDdITKcGuE,"Martin Garrix, Troye Sivan"
5Xrk8HKFWj76Jonuerfupw,"Martin Garrix, Bebe Rexha"
64KEffDW9EtZ1y2vBYgq8T,"Gryffin, Ivy Adara"
1Cs0zKBU1kc0i8ypK3B9ai,"Elephante, Brandyn Burnette"
3fjs4zbBFxEFFe8Wyojo0G,"Elephante, Anjulie"
0P2bZXPyjHYRW4guHVAFl1,"Armin van Buuren, Lucas & Steve, Josh Cumbee"
0SfsnGyD8FpIN4U4WCkBZ5,"Jack Aú, Skrillex, Diplo, Justin Bieber"
1HxJeLhIuegM3KgvPn8sTa,"Ekali, K.Flay"
5R3Hr2cnCCjt220Jmt2xLf,"Dillon Francis, Kygo, James Hersey"
2X97ZAqRKRMYFIDqtvGgGc,"Ellie Goulding, Diplo, Swae Lee"
0X2BH1fck6amBIoJhDVmmJ,"ILLENIUM, Emilie Brandt"
77AiFEVeAVj2ORpC85QVJs,"Kid Cudi, MGMT, Ratatat, Steve Aoki"
0fA0VVWsXO9YnASrzqfmYu,"Steve Aoki, BTS"
1LOB7jTeEV14pHai6EXSzF,"Cash Cash, Sofia Reyes"
1KCSPY1glIKqW2TotWuXOR,"Cash Cash, ABIR"
521qvhdobR0GzhvU6TFw76,"Jay Park, YULTRON"
4XDi67ZENZcbfKnvMnTYsI,"Kaskade, Tess Comrie"
20JZFwl6HVl6yg8a4H3ZqK,Don Diablo
7yPPzu5UdAK7yagQqjEZQm,Alesso
4AVFqumd2ogHFlRbKIjp1t,"Dillon Francis, Alison Wonderland"
3dz0NnIZhtKKeXZxLOxCam,Porter Robinson
5eIbEEQnDM8yuDVB0bimSP,"RL Grime, Miguel, Julia Michaels"
4sTQVOfp9vEMCemLw50sbu,"Louis The Child, Wafia"
540vIaP2JwjQb9dm3aArA4,"DJ Snake, Bipolar Sunshine"
0bdfiayQAKewqEvaU6rXCv,"Snakehips, Mo"
2FwJwEswyIUAljqgjNSHgP,Mo
20gsENnposVs2I4rQ5kvrf,"Martin Garrix, Dua Lipa"
7DMveApC7UnC2NPfPvlHSU,"Seven Lions, SLANDER, Dabin, Dylan Matthew"
6fcTRFpz0yH79qSKfof7lp,"Seven Lions, Myon, Shane 54, Tove Lo"
1vCWHaC5f2uS3yhpwWbIA6,"Kygo, Parson James"
7vk5e3vY1uw9plTHJAMwjN,"Dabin, Lexi Norton"
24V5UY0nChKpnb1TBPJhCw,"Kiiara, Jai Wolf"
4u5smJBskI6Adzv08PuiUP,Jai Wolf
3n2H1XlCyS1WQ0vyVUFEma,Alison Wonderland
11gWrKZMBsGQWmobv3oNfW,"Manila Killa, SATICA"
4m1yRHUMhvB8gKAJTjK4kO,"Zedd, Matthew Koma"
4FCzCS0KEgb0rgySWINItO,Alesso
73jBynjsVtofjRpdpRAJGk,Martin Garrix
7CajNmpbOovFoOoasH2HaY,"Martin Garrix, Matisse & Sadko"
2o5jDhtHVPhrJdv3cEQ99Z,Marshmello
67qogtRNI0GjUr8PlaG6Zh,"Dabin, RUNN"
2n7USVO8fO8FF8zq4kG2N1,"ILLENIUM, Kerli"
2rTo8KIkBTFjQS7VvaKYQ4,"NGHTMRE, SLANDER"
76M2Ekj8bG8W7X2nbx2CpF,"Ekali, ZHU"
32Aw9aJJoXXC1Vn3zqzJbQ,"Seven Lions, Wooli, Trivecta, Nevve"
41rVuRHYAiH7ltBTHVR9We,"NGHTMRE, Big Gigantic"
5FKchcZpQOkqFvXBj1aCvb,"Tiesto, SWACQ"
4GWqzTTt2uA9Ms6HfUhWUn,"Martin Garrix, Matisse & Sadko, Alex Aris"
4aKdmOXdUKX07HVd3sGgzw,"SLANDER, WAVEDASH"
1YYJxpOXYk1z1WtqdeLMkn,KLOUD
24Hb4GKFYquK73R8mTyInu,"PEEKABOO, G-Rex"
4Ok1Cm5YX5StCQZgH0r2xF,Marshmello
0rSZHzeyKxdfnQLoTIbq6U,"ILLENIUM, Georgia Ku"
5he5w2lnU9x7JFhnwcekXX,Kaivon
55FVjkpZs1zuo3zqBgrKtC,Kaivon
6jsjhAEteAlY0vCiLvMLBA,"Avicii, A R I Z O N A"
0xRXCcSX89eobfrshSVdyu,"MEDUZA, Goodboys"
25oLRSUjJk4YHNUsQXk7Ut,"Excision, Wooli"
5nd7jnne7zbsV2J5jBKNOY,"Seven Lions, SLANDER, Dabin, Dylan Matthew, NGHTMRE"
0A8ej3hXTozbQAMhcU8RNb,"ILLENIUM, Said the Sky, 1788-L, Kerli"
7oB4pCSzvvRtZka6DxXUfN,Rezz
714O3xvBNiclo82vxBn8Bf,"k?d, Phil Good"
6CCTvLyIHqUhY6VQizt150,"Kai Wachi, Dylan Matthew"
2fNr4ldujwq97v1jWeqs8K,"ARMNHMR, Nevve"
72iCiKwu6nu6Qq9emIwzYv,ARMNHMR
4E69riquObrTmBTVuF1b7B,"graves, EZI"
16yUpGkBRgc2eDMd3bB3Uw,"Adventure Club, Said the Sky, Caly Bevier"
5CdJjUi9f0cVgo9nFuJrFa,"Dabin, Lowell"
2Zxy5LwBatI5kw4uponwHQ,Eliminate
6hBrJJrcYoNhvLC6KaFR4b,"ILLENIUM, Said the Sky, Annika Wells"
7d5SfGXKpgS3JK8BFIq59h,"Jason Ross, Karra"
1Uyqa2sdHm1bL5JK4IC4zc,"ILLENIUM, Anna Clendening"
4AT7XlLBevgZIiKvZQ83ye,"Jason Ross, Fiora"
66CXWjxzNUsdJxJ2JdwvnR,"Zedd, Selena Gomez"
5p7f24Rk5HkUZsaS3BLG5F,"Zedd, Hayley Williams"
2u01kCKA5wDvvztuH8lyT0,"Louis The Child, Drew Love"
6gK1Uct5FEdaUWRWpU4Cl2,Petit Biscuit
6hyMWrxGBsOx6sWcVj1DqP,Eric Prydz
5sm0jQ1mq0dusiLtDJ2b4R,"Seven Lions, Tritonal, Kill The Noise, HALIENE"
10gzBoINW3cLJfZUka8Zoe,"Seven Lions, Skyler Stonestreet"
0deIjoDjl9g9Zpw0sCIOHh,"Win and Woo, Madnap"
2KPQ6PYAZapLEwMmkzbQxC,"Dabin, Dia Frampton"
1BjaGDkxwa2fb2pSCXlFXb,"Louis The Child, Elohim, Chet Porter"
245PKF3hKjtxJKIG153kF0,"Whethan, Oh Wonder, Chet Porter"
0vqJkZ0RpLZixt3lTmD8vP,Chet Porter
738wLrAtLtCtFOLvQBXOXp,"Sam Feldt, Ella Henderson"
6nxWCVXbOlEVRexSbLsTer,"Disclosure, Eliza Doolittle, Flume"
6nS5roXSAGhTGr34W6n7Et,"Ekali, Kiiara"
61lyPtntblHJvA7FMMhi7E,Alison Wonderland
6M2wZ9GZgrQXHCFfjv46we,"Vincent, Love, Alexa"
20lmiQy576CSBPz0VJHmnC,"Tiesto, Sevenn, Gucci Mane"
4csQIMQm6vI2A2SCVDuM2z,"Whethan, Ashe"
0ouPTYWjHfprRwZH76ivWi,Feather
7aB2KbM3pphL9mU3dXbyh2,"Excision, SLANDER, Elle Vee"
45dkTj5sMRSjrmBSBeiHym,JESSIA
6DdbeAeBlrYj8bNToZv4TY,Olivia Rodrigo
1McMsnEElThX1knmY4oliG,Zoe Wees
03d2mJXSMtuPI0nIvLnhoS,"Billie Eilish, ROSALAçA"
6qqNVTkY8uBg9cP3Jd7DAH,Sabrina Carpenter
74KM79TiuVKeVCqs8QtB0B,"Jason Derulo, Adam Levine, Maroon 5"
5ZsFI1h6hIdQRw2ti0hz81,"Ariana Grande, Doja Cat, Megan Thee Stallion"
1Xylc3o4UrD53lo9CvFvVg,carolesdaughter
2hiq2iBnUik3mrOfEgRSpB,"blackbear, Wiz Khalifa"
2cFrymmkijnjDg9SS92EPM,LILHUDDY
5nDdaia3PDYD0x4zBEHGtg,Why Don't We
2jnIB6XdLvnJUeNTy5A0J2,"Jeremy Zucker, Chelsea Cutler"
3gIRvgZssIb9aiirIg0nI3,"ILLENIUM, Dabin, Lights"
5cj0lLjcoR7YOSnhnX0Po5,Selena Gomez
0C8ZW7ezQVs4URX5aX7Kqx,"JP Saxe, Maren Morris"
66W9LaWS0DPdL7Sz8iYGYe,"All Time Low, Demi Lovato, blackbear"
46gyXjRIvN1NL1eCB8GBxo,"MAX, Lil Mosey, SUGA, Olivia O'Brien"
1bqxdqvUtPWZri43cKHac8,Leyla Blue
6HpIVA13SPof8sYuXRUfxj,Joshua Bassett
4VdV2qRAYBLINR6uU72V1J,"Quinn XCII, Chelsea Cutler"
3ApUX1o6oSz321MMECyIYd,Ashley Kutcher
1Zi1c8sWZTy5rDiN3lAuEj,Justin Bieber
1uNFoZAHBGtllmzznpCI3s,"Travis Scott, HVME"
0Y5tJX1MQlPlqiwlOH1tJY,"Saweetie, Doja Cat"
6cK3NBO6uP7hh0oyuVELFl,Erica Banks
2SXhbucehn00OBVKhzxDyM,"ATB, Topic, A7S"
7jZM5w05mGhw6wTB1okhD9,"Anne-Marie, KSI, Digital Farm Animals"
1zNqDE7qDGCsyzJwohVaoX,"Ashnikko, Kelis"
3PyJHH2wyfQK3WZrk9rpmP,SZA
7tYKF4w9nC0nq9CsPZTHyP,Tate McRae
6Y64EaNqpqcZYTgs4c76gF,Yung Gravy
2YOYua8FpudSEiB9s88IgQ,Lana Del Rey
00FQb4jTyendYWaN8pK0wa,Anson Seabra
2jHp7gQArCQrlMvdrIVFCg,Sara Kays
7Lk9V7E1u5gqSHmtcKlOqH,Glass Animals
4yvcSjfu4PC0CYQyLy4wSq,"Ofenbach, Lagique"
4AKwRarlmsUlLjIwt38NLw,"Myke Towers, Juhn"
7iK8PXO48WeuP03g8YR51W,ZAYN
4MCBfE4596Uoi2O4DtmEMz,jxdn
6vCIRD06VaQwwaZS0TqiCz,"Gryffin, Audrey Mika"
4fxd5Ee7UefO4CUXgwJ7IP,"Cheat Codes, Lil Xxel"
5YGY8feqx7naU7z4HrwZM6,"Troye Sivan, Kacey Musgraves, Mark Ronson"
3WGpXCj9YhhfX11TToZcXP,Cannons
7FtCyCJCJaxabYO7Uyda5B,Lauv
5JZ7CnR6gTvEMKX4g70Amv,Morgan Wallen
4oUHIQIBe0LHzYfvXNW4QM,Ed Sheeran
6eUKZXaKkcviH0Ku9w2n3V,Tom Grennan
5SHxzwjek1Pipl1Yk11UHv,AJR
6s22t5Y3prQHyaHWUN1R1C,"Galantis, JVKE"
3DKkhRCGOG4e8IUPYFPfWs,"24kGoldn, DaBaby"
6fWVd57NKTalqvmjRd2t8Z,Little Mix
3e7awlrlDSwF3iM0WBjGMp,"Alexander 23, Jeremy Zucker"
6sFHvCyqklnJpXC9Nh1aag,JC Stewart
2TAqN8fwfaKauvviN4pOsv,Declan J Donovan
6bh228LGC3eAzbplPWV02r,Taylor Swift
06HL4z0CvFAxyc27GXpf02,Tones And I
2NjfBq1NflQcKSeiDooVjY,Ava Max
4npEfmQ6YuiwW1GpUmaq3F,"Eminem, Skylar Grey"
7dGJo4pcD2V6oG8kP0tJRR,"YUNGBLUD, Machine Gun Kelly"
6Ad91Jof8Niiw0lGLLi3NW,"Duncan Laurence, FLETCHER"
3klZnJvYGIbWritVwQD434,Gracie Abrams
4tuJ0bMpJh08umKkEXKUI5,iann dior
6ASri4ePR7RlsvIQgWPJpS,"Black Eyed Peas, Shakira"
1yxSLGMDHlW21z4YXirZDS,"Dua Lipa, AngA®le"
5rGrDvrLOV2VV8SCFVGWlj,"Nathan Dawe, Little Mix"
2gduEC76ry33RVurAvT05p,Ricky Montgomery
0ZUvK7zGdXLd78mQr3t1Tw,"Kehlani, Ty Dolla $ign"
0cGUm45nv7Z6M6qdXYQGTX,"H.E.R., Bryson Tiller"
3Y7RZ31TRPVadSFVy1o8os,Rihanna
1Xyo4u8uXC1ZmMpatF05PJ,Drake
3TVXtAsR1Inumwj472S9r4,Post Malone
246dkjvS1zLTtiykXe5h60,Post Malone
20wkVLutqVOYrc0kxFs7rA,Pink Sweat$
1W7FNibLa0O0b572tB2w7t,Pink Sweat$
2kxP07DLgs4xlWz8YHlvfh,"Alina Baraz, Khalid"
6hfwwpXqZPRC9CsKI7qtv1,Drake
2h93pZq0e7k5yf4dywlkpM,Drake
6LuN9FCkKOj5PcnpouEgny,"H.E.R., Daniel Caesar"
1anyVhU62p31KFi8MEzkbf,"Daniel Caesar, Kali Uchis"
3KedxarmBCyFBevnqQHy3P,The Weeknd
5y2Xq6xcjJb2jVM54GHK3t,Ella Mai
7HkdQ0gt53LP4zmHsL0nap,The Weeknd
1LzWWI9v4UKdbBgz8fqi15,Kehlani
5ZS223C6JyBfXasXxrRqOk,Kehlani
4LLpKhyESsyAXpc4laK94U,"Tyler\, The Creator"
4V8LLVI7PbaPR0K2TGSxFF,"Mac Miller, Ty Dolla $ign"
5XenQ7XfcvQdfIbpLEFaKQ,"6LACK, Khalid"
4IVAbR2w4JJNJDDRFP3E83,"SZA, Calvin Harris, Funk Wav"
2jku7tDXc6XoB6MO2hFuqg,"Kehlani, Chance the Rapper"
2EMAnMvWE2eb56ToJVfCWs,Drake
57LYzLEk2LcFghVwuWbcuS,Drake
4kYSro6naA4h99UJvo89HB,The Weeknd
2HPaUgqeutzr3jx5a9WyDV,Drake
0ojcq9LJQWMawQdFDw3M0L,Khalid
1z7b1Pr1rSlvWRzsW3HOrS,NIKI
7e1ICztHM2Sc4JNLxeMXYl,dvsn
16rCzZOMQX7P8Kmn5YKexI,Mahalia
5lXfVoQxVgC5fpjkVqvNYn,Niall Horan
1Hsdzj7Dlq2I7tHP7501T4,James Arthur
4IWBUUAFIplrNtaOHcJPRM,Maisie Peters
2RVvqRBon9NgaGXKfywDSs,Billie Eilish
6L1XC7NrmgWRlwAeLJvVtA,Ed Sheeran
0du5cEVh5yTK9QJze8zA0C,John Legend
5JMLG56F1X5mFmWNmS0iAp,AJR
6kXm2YCtdUOpRYNKeKhfue,Ed Sheeran
1t20wYnTiAT0Bs7H1hv9Wt,Lauv
49tQo2QULno7gxHutgccqF,Peter Manos
4K9aclpXgCPNFGEqRlFPal,Ashe
6P5NO5hzJbuOqSdyPB7SJM,Ed Sheeran
4nDoRrQiYLoBzwC5BhVJzF,Imagine Dragons
53XhwfbYqKCa1cC15pYq2q,Shawn Mendes
7n2wHs1TKAczGzO7Dd2rGr,Shawn Mendes
25u4wHJWxCA9vO0CzxAbK7,Sam Smith
2wY79sveU1sp5g7SokKOiI,Shawn Mendes
1AhjOkOLkbHUfcHDSErXQs,"88rising, NIKI, Phum Viphurit"
4GNC7GD6oZMSxPGyXy4MNB,Lewis Capaldi
4NZvixzsSefsNiIqXn0NDe,Ruth B.
2WzaAvm2bBCf4pEhyuDgCY,FINNEAS
37M5pPGs6V1fchFJSgCguX,"Dan + Shay, Justin Bieber"
7z5WFjZAIYejWy0NI5lv4T,"Chelsea Cutler, Alexander 23"
7pbDxGE6nQSZVfiFdq9lOL,Jeremy Zucker
6iWuBN32BqCJAeXW6o3nil,Joji
3MZsBdqDrRTJihTHQrO6Dq,James Arthur
2joIhhX3Feq47H4QXVDOr3,Ali Gatie
4rTv3Ejc7hKMtmoBOK1B4T,LANY
5xkAtLTf309LAGZTbvULBn,Ruel
2kRfqPViCqYdSGhYSM9R0Q,Rihanna
1vSN1fsvrzpbttOYGsliDr,Ed Sheeran
7arQA31aZVS8yS6zUveWzb,Doja Cat
7jVv8c5Fj3E9VhNjxT4snq,"24kGoldn, iann dior"
0eDvMgVFoNV3TpwtrVCoTj,"Black Eyed Peas, Shakira"
4q3ewBCX7sLwd24euuV69X,ZAYN
790FomKkXshlbRYZFtlgla,"Justin Bieber, benny blanco"
6MPCFvOQv5cIGfw3jODMF0,Pink Sweat$
6TIYQ3jFPwQSRmorSezPxX,Boza
2NfSBtmWe7oPw1EmetJVso,"Juice WRLD, Young Thug"
7MPGCB854Qo4alYMOPkBka,"Robin Schulz, KIDDO"
3t5xRXzsuZmMDkQzgOX35S,Jason Derulo
2tIP7SsRs7vjIcLrU85W8J,Harry Styles
6KImCVD70vtIoJWnq6nGn3,BTS
3Nrfpe0tUJi4K4DXYWgMUX,Ashnikko
181bsRPaVXVlUKXrxwZfHK,"Drake, Lil Durk"
2LIk90788K0zvyj2JJVwkJ,"Pop Smoke, Lil Baby, DaBaby"